source_node_id,target_node_id,haversine_distance_km,raw_daily_travelers,highway_class,road_class_multiplier,matrix_method
Delhi,Mumbai,1153.241,33468.62,trunk,1.35,integrated_meta_nh_radiation
Delhi,Kolkata,1317.754,11257.81,primary,1.15,integrated_meta_nh_radiation
Delhi,Bengaluru,1750.115,1358.6,trunk,1.35,integrated_meta_nh_radiation
Delhi,Chennai,1767.651,967.04,trunk,1.35,integrated_meta_nh_radiation
Delhi,Hyderabad,1266.531,6539.01,trunk,1.35,integrated_meta_nh_radiation
Delhi,Ahmedabad,777.408,62866.46,trunk,1.35,integrated_meta_nh_radiation
Delhi,Pune,1179.482,7924.63,none,0.85,integrated_meta_nh_radiation
Delhi,Lucknow,430.84,172341.08,trunk,1.35,integrated_meta_nh_radiation
Delhi,Kochi,2089.268,120.44,none,0.85,integrated_meta_nh_radiation
Delhi,Jaipur,237.533,290848.25,trunk,1.35,integrated_meta_nh_radiation
Delhi,Patna,866.693,26158.38,primary,1.15,integrated_meta_nh_radiation
Delhi,Visakhapatnam,1374.63,567.14,none,0.85,integrated_meta_nh_radiation
Delhi,Bhopal,606.159,42548.85,trunk,1.35,integrated_meta_nh_radiation
Delhi,Guwahati,1471.07,332.45,none,0.85,integrated_meta_nh_radiation
Mumbai,Delhi,1153.241,6517.45,trunk,1.35,integrated_meta_nh_radiation
Mumbai,Kolkata,1654.839,688.57,none,0.85,integrated_meta_nh_radiation
Mumbai,Bengaluru,845.318,15895.4,primary,1.15,integrated_meta_nh_radiation
Mumbai,Chennai,1033.099,4981.91,primary,1.15,integrated_meta_nh_radiation
Mumbai,Hyderabad,621.463,37061.41,primary,1.15,integrated_meta_nh_radiation
Mumbai,Ahmedabad,439.98,68396.36,trunk,1.35,integrated_meta_nh_radiation
Mumbai,Pune,120.152,300000,trunk,1.35,integrated_meta_nh_radiation
Mumbai,Lucknow,1194.675,704.94,none,0.85,integrated_meta_nh_radiation
Mumbai,Kochi,1080.186,1275.57,primary,1.15,integrated_meta_nh_radiation
Mumbai,Jaipur,920.742,2969.19,none,0.85,integrated_meta_nh_radiation
Mumbai,Patna,1453.228,304.82,none,0.85,integrated_meta_nh_radiation
Mumbai,Visakhapatnam,1101.876,498.54,none,0.85,integrated_meta_nh_radiation
Mumbai,Bhopal,661.362,6594.07,none,0.85,integrated_meta_nh_radiation
Mumbai,Guwahati,2086.335,9.64,none,0.85,integrated_meta_nh_radiation
Kolkata,Delhi,1317.754,8444.88,primary,1.15,integrated_meta_nh_radiation
Kolkata,Mumbai,1654.839,881.45,none,0.85,integrated_meta_nh_radiation
Kolkata,Bengaluru,1560.697,941.41,none,0.85,integrated_meta_nh_radiation
Kolkata,Chennai,1358.361,1716.06,none,0.85,integrated_meta_nh_radiation
Kolkata,Hyderabad,1181.882,5930.73,none,0.85,integrated_meta_nh_radiation
Kolkata,Ahmedabad,1618.856,365.49,none,0.85,integrated_meta_nh_radiation
Kolkata,Pune,1575.376,466.23,none,0.85,integrated_meta_nh_radiation
Kolkata,Lucknow,886.984,12786.44,primary,1.15,integrated_meta_nh_radiation
Kolkata,Kochi,1906.416,61.56,none,0.85,integrated_meta_nh_radiation
Kolkata,Jaipur,1357.774,675.4,none,0.85,integrated_meta_nh_radiation
Kolkata,Patna,469.153,82709.27,primary,1.15,integrated_meta_nh_radiation
Kolkata,Visakhapatnam,763.844,7649.95,primary,1.15,integrated_meta_nh_radiation
Kolkata,Bhopal,1123.951,2123.31,none,0.85,integrated_meta_nh_radiation
Kolkata,Guwahati,523.808,15346.07,primary,1.15,integrated_meta_nh_radiation
Bengaluru,Delhi,1750.115,544,trunk,1.35,integrated_meta_nh_radiation
Bengaluru,Mumbai,845.318,19724.11,primary,1.15,integrated_meta_nh_radiation
Bengaluru,Kolkata,1560.697,1088.02,none,0.85,integrated_meta_nh_radiation
Bengaluru,Chennai,290.172,325715.64,trunk,1.35,integrated_meta_nh_radiation
Bengaluru,Hyderabad,499.993,58595.49,trunk,1.35,integrated_meta_nh_radiation
Bengaluru,Ahmedabad,1237.045,1202.39,none,0.85,integrated_meta_nh_radiation
Bengaluru,Pune,735.227,15552.74,primary,1.15,integrated_meta_nh_radiation
Bengaluru,Lucknow,1581.866,177.86,none,0.85,integrated_meta_nh_radiation
Bengaluru,Kochi,367.715,48790.02,primary,1.15,integrated_meta_nh_radiation
Bengaluru,Jaipur,1561.536,153.46,none,0.85,integrated_meta_nh_radiation
Bengaluru,Patna,1610.334,153.22,none,0.85,integrated_meta_nh_radiation
Bengaluru,Visakhapatnam,798.972,2270.65,none,0.85,integrated_meta_nh_radiation
Bengaluru,Bhopal,1144.168,568.31,none,0.85,integrated_meta_nh_radiation
Bengaluru,Guwahati,2080.015,7.3,none,0.85,integrated_meta_nh_radiation
Chennai,Delhi,1767.651,335.22,trunk,1.35,integrated_meta_nh_radiation
Chennai,Mumbai,1033.099,6701.11,primary,1.15,integrated_meta_nh_radiation
Chennai,Kolkata,1358.361,1493.67,none,0.85,integrated_meta_nh_radiation
Chennai,Bengaluru,290.172,288145.68,trunk,1.35,integrated_meta_nh_radiation
Chennai,Hyderabad,515.242,43660.14,none,0.85,integrated_meta_nh_radiation
Chennai,Ahmedabad,1371.809,364.56,none,0.85,integrated_meta_nh_radiation
Chennai,Pune,914.365,4948.73,none,0.85,integrated_meta_nh_radiation
Chennai,Lucknow,1532.103,133.15,none,0.85,integrated_meta_nh_radiation
Chennai,Kochi,559.486,11017.93,primary,1.15,integrated_meta_nh_radiation
Chennai,Jaipur,1607.099,78.01,none,0.85,integrated_meta_nh_radiation
Chennai,Patna,1481.474,162.84,none,0.85,integrated_meta_nh_radiation
Chennai,Visakhapatnam,601.586,3831.03,primary,1.15,integrated_meta_nh_radiation
Chennai,Bhopal,1171.109,337.37,none,0.85,integrated_meta_nh_radiation
Chennai,Guwahati,1882.161,8.48,none,0.85,integrated_meta_nh_radiation
Hyderabad,Delhi,1266.531,773.99,trunk,1.35,integrated_meta_nh_radiation
Hyderabad,Mumbai,621.463,15659.13,primary,1.15,integrated_meta_nh_radiation
Hyderabad,Kolkata,1181.882,1017.92,none,0.85,integrated_meta_nh_radiation
Hyderabad,Bengaluru,499.993,77535.81,trunk,1.35,integrated_meta_nh_radiation
Hyderabad,Chennai,515.242,17903.45,none,0.85,integrated_meta_nh_radiation
Hyderabad,Ahmedabad,879.498,1301.06,none,0.85,integrated_meta_nh_radiation
Hyderabad,Pune,505.754,19703.8,primary,1.15,integrated_meta_nh_radiation
Hyderabad,Lucknow,1082.069,417.06,none,0.85,integrated_meta_nh_radiation
Hyderabad,Kochi,862.764,777.01,none,0.85,integrated_meta_nh_radiation
Hyderabad,Jaipur,1095.147,287.43,none,0.85,integrated_meta_nh_radiation
Hyderabad,Patna,1142.583,296.27,none,0.85,integrated_meta_nh_radiation
Hyderabad,Visakhapatnam,502.808,5447.77,primary,1.15,integrated_meta_nh_radiation
Hyderabad,Bhopal,662.779,991.05,primary,1.15,integrated_meta_nh_radiation
Hyderabad,Guwahati,1677.577,8.07,none,0.85,integrated_meta_nh_radiation
Ahmedabad,Delhi,777.408,9363.62,trunk,1.35,integrated_meta_nh_radiation
Ahmedabad,Mumbai,439.98,124373.2,trunk,1.35,integrated_meta_nh_radiation
Ahmedabad,Kolkata,1618.856,157.96,none,0.85,integrated_meta_nh_radiation
Ahmedabad,Bengaluru,1237.045,435.02,none,0.85,integrated_meta_nh_radiation
Ahmedabad,Chennai,1371.809,189.75,none,0.85,integrated_meta_nh_radiation
Ahmedabad,Hyderabad,879.498,1229.7,none,0.85,integrated_meta_nh_radiation
Ahmedabad,Pune,518.126,10528.42,none,0.85,integrated_meta_nh_radiation
Ahmedabad,Lucknow,945.108,470.57,none,0.85,integrated_meta_nh_radiation
Ahmedabad,Kochi,1507.803,39.63,none,0.85,integrated_meta_nh_radiation
Ahmedabad,Jaipur,540.468,3979.66,trunk,1.35,integrated_meta_nh_radiation
Ahmedabad,Patna,1304.537,116.29,none,0.85,integrated_meta_nh_radiation
Ahmedabad,Visakhapatnam,1257.923,45.78,none,0.85,integrated_meta_nh_radiation
Ahmedabad,Bhopal,495.684,4335.63,primary,1.15,integrated_meta_nh_radiation
Ahmedabad,Guwahati,1966.774,2.82,none,0.85,integrated_meta_nh_radiation
Pune,Delhi,1179.482,1015.96,none,0.85,integrated_meta_nh_radiation
Pune,Mumbai,120.152,402496.78,trunk,1.35,integrated_meta_nh_radiation
Pune,Kolkata,1575.376,157.83,none,0.85,integrated_meta_nh_radiation
Pune,Bengaluru,735.227,4173.9,primary,1.15,integrated_meta_nh_radiation
Pune,Chennai,914.365,1437.65,none,0.85,integrated_meta_nh_radiation
Pune,Hyderabad,505.754,12522.32,primary,1.15,integrated_meta_nh_radiation
Pune,Ahmedabad,518.126,6698.1,none,0.85,integrated_meta_nh_radiation
Pune,Lucknow,1176.727,208.09,none,0.85,integrated_meta_nh_radiation
Pune,Kochi,989.711,308.47,none,0.85,integrated_meta_nh_radiation
Pune,Jaipur,953.871,387.11,none,0.85,integrated_meta_nh_radiation
Pune,Patna,1402.519,64.27,none,0.85,integrated_meta_nh_radiation
Pune,Visakhapatnam,993.667,127.28,none,0.85,integrated_meta_nh_radiation
Pune,Bhopal,643.492,1268.91,none,0.85,integrated_meta_nh_radiation
Pune,Guwahati,2022.141,2.11,none,0.85,integrated_meta_nh_radiation
Lucknow,Delhi,430.84,155429.69,trunk,1.35,integrated_meta_nh_radiation
Lucknow,Mumbai,1194.675,621.56,none,0.85,integrated_meta_nh_radiation
Lucknow,Kolkata,886.984,4053.51,primary,1.15,integrated_meta_nh_radiation
Lucknow,Bengaluru,1581.866,83.34,none,0.85,integrated_meta_nh_radiation
Lucknow,Chennai,1532.103,89.83,none,0.85,integrated_meta_nh_radiation
Lucknow,Hyderabad,1082.069,508.51,none,0.85,integrated_meta_nh_radiation
Lucknow,Ahmedabad,945.108,746.82,none,0.85,integrated_meta_nh_radiation
Lucknow,Pune,1176.727,269.25,none,0.85,integrated_meta_nh_radiation
Lucknow,Kochi,1944.021,7.57,none,0.85,integrated_meta_nh_radiation
Lucknow,Jaipur,511.683,3483.36,none,0.85,integrated_meta_nh_radiation
Lucknow,Patna,440.663,6480.66,primary,1.15,integrated_meta_nh_radiation
Lucknow,Visakhapatnam,1044.945,110.78,none,0.85,integrated_meta_nh_radiation
Lucknow,Bhopal,534.503,1775.68,none,0.85,integrated_meta_nh_radiation
Lucknow,Guwahati,1076.285,77.79,primary,1.15,integrated_meta_nh_radiation
Kochi,Delhi,2089.268,11.05,none,0.85,integrated_meta_nh_radiation
Kochi,Mumbai,1080.186,509.46,primary,1.15,integrated_meta_nh_radiation
Kochi,Kolkata,1906.416,19.44,none,0.85,integrated_meta_nh_radiation
Kochi,Bengaluru,367.715,39243.8,primary,1.15,integrated_meta_nh_radiation
Kochi,Chennai,559.486,5499.24,primary,1.15,integrated_meta_nh_radiation
Kochi,Hyderabad,862.764,892.31,none,0.85,integrated_meta_nh_radiation
Kochi,Ahmedabad,1507.803,27.52,none,0.85,integrated_meta_nh_radiation
Kochi,Pune,989.711,337.86,none,0.85,integrated_meta_nh_radiation
Kochi,Lucknow,1944.021,3.25,none,0.85,integrated_meta_nh_radiation
Kochi,Jaipur,1888.896,3.88,none,0.85,integrated_meta_nh_radiation
Kochi,Patna,1976.924,2.79,none,0.85,integrated_meta_nh_radiation
Kochi,Visakhapatnam,1142.824,23,none,0.85,integrated_meta_nh_radiation
Kochi,Bhopal,1487.072,10.1,none,0.85,integrated_meta_nh_radiation
Kochi,Guwahati,2428.985,0.15,none,0.85,integrated_meta_nh_radiation
Jaipur,Delhi,237.533,172139.67,trunk,1.35,integrated_meta_nh_radiation
Jaipur,Mumbai,920.742,1405.95,none,0.85,integrated_meta_nh_radiation
Jaipur,Kolkata,1357.774,168.57,none,0.85,integrated_meta_nh_radiation
Jaipur,Bengaluru,1561.536,41.83,none,0.85,integrated_meta_nh_radiation
Jaipur,Chennai,1607.099,26.82,none,0.85,integrated_meta_nh_radiation
Jaipur,Hyderabad,1095.147,193.5,none,0.85,integrated_meta_nh_radiation
Jaipur,Ahmedabad,540.468,2316.22,trunk,1.35,integrated_meta_nh_radiation
Jaipur,Pune,953.871,280.3,none,0.85,integrated_meta_nh_radiation
Jaipur,Lucknow,511.683,2147.47,none,0.85,integrated_meta_nh_radiation
Jaipur,Kochi,1888.896,3.75,none,0.85,integrated_meta_nh_radiation
Jaipur,Patna,943.674,212.13,none,0.85,integrated_meta_nh_radiation
Jaipur,Visakhapatnam,1278.596,17.44,none,0.85,integrated_meta_nh_radiation
Jaipur,Bhopal,437.863,1444.68,none,0.85,integrated_meta_nh_radiation
Jaipur,Guwahati,1587.965,3.56,none,0.85,integrated_meta_nh_radiation
Patna,Delhi,866.693,5194.59,primary,1.15,integrated_meta_nh_radiation
Patna,Mumbai,1453.228,205.9,none,0.85,integrated_meta_nh_radiation
Patna,Kolkata,469.153,57883.69,primary,1.15,integrated_meta_nh_radiation
Patna,Bengaluru,1610.334,55.78,none,0.85,integrated_meta_nh_radiation
Patna,Chennai,1481.474,76.06,none,0.85,integrated_meta_nh_radiation
Patna,Hyderabad,1142.583,343.69,none,0.85,integrated_meta_nh_radiation
Patna,Ahmedabad,1304.537,140.41,none,0.85,integrated_meta_nh_radiation
Patna,Pune,1402.519,96.53,none,0.85,integrated_meta_nh_radiation
Patna,Lucknow,440.663,41486.84,primary,1.15,integrated_meta_nh_radiation
Patna,Kochi,1976.924,5,none,0.85,integrated_meta_nh_radiation
Patna,Jaipur,943.674,303.5,none,0.85,integrated_meta_nh_radiation
Patna,Visakhapatnam,901.296,154.39,none,0.85,integrated_meta_nh_radiation
Patna,Bhopal,823.857,714.48,none,0.85,integrated_meta_nh_radiation
Patna,Guwahati,662.962,781.32,primary,1.15,integrated_meta_nh_radiation
Visakhapatnam,Delhi,1374.63,46.23,none,0.85,integrated_meta_nh_radiation
Visakhapatnam,Mumbai,1101.876,129.01,none,0.85,integrated_meta_nh_radiation
Visakhapatnam,Kolkata,763.844,1648.22,primary,1.15,integrated_meta_nh_radiation
Visakhapatnam,Bengaluru,798.972,434.17,none,0.85,integrated_meta_nh_radiation
Visakhapatnam,Chennai,601.586,3512.34,primary,1.15,integrated_meta_nh_radiation
Visakhapatnam,Hyderabad,502.808,11555.83,primary,1.15,integrated_meta_nh_radiation
Visakhapatnam,Ahmedabad,1257.923,19.85,none,0.85,integrated_meta_nh_radiation
Visakhapatnam,Pune,993.667,86.34,none,0.85,integrated_meta_nh_radiation
Visakhapatnam,Lucknow,1044.945,42.79,none,0.85,integrated_meta_nh_radiation
Visakhapatnam,Kochi,1142.824,15.3,none,0.85,integrated_meta_nh_radiation
Visakhapatnam,Jaipur,1278.596,9.19,none,0.85,integrated_meta_nh_radiation
Visakhapatnam,Patna,901.296,87.14,none,0.85,integrated_meta_nh_radiation
Visakhapatnam,Bhopal,865.664,50.53,none,0.85,integrated_meta_nh_radiation
Visakhapatnam,Guwahati,1286.176,2.91,none,0.85,integrated_meta_nh_radiation
Bhopal,Delhi,606.159,6499.37,trunk,1.35,integrated_meta_nh_radiation
Bhopal,Mumbai,661.362,1176.75,none,0.85,integrated_meta_nh_radiation
Bhopal,Kolkata,1123.951,148.49,none,0.85,integrated_meta_nh_radiation
Bhopal,Bengaluru,1144.168,62.16,none,0.85,integrated_meta_nh_radiation
Bhopal,Chennai,1171.109,41.7,none,0.85,integrated_meta_nh_radiation
Bhopal,Hyderabad,662.779,337.39,primary,1.15,integrated_meta_nh_radiation
Bhopal,Ahmedabad,495.684,9346.74,primary,1.15,integrated_meta_nh_radiation
Bhopal,Pune,643.492,614.91,none,0.85,integrated_meta_nh_radiation
Bhopal,Lucknow,534.503,3177.48,none,0.85,integrated_meta_nh_radiation
Bhopal,Kochi,1487.072,5.26,none,0.85,integrated_meta_nh_radiation
Bhopal,Jaipur,437.863,12484.19,none,0.85,integrated_meta_nh_radiation
Bhopal,Patna,823.857,97.34,none,0.85,integrated_meta_nh_radiation
Bhopal,Visakhapatnam,865.664,26.65,none,0.85,integrated_meta_nh_radiation
Bhopal,Guwahati,1481.201,1.91,none,0.85,integrated_meta_nh_radiation
Guwahati,Delhi,1471.07,28.27,none,0.85,integrated_meta_nh_radiation
Guwahati,Mumbai,2086.335,1.15,none,0.85,integrated_meta_nh_radiation
Guwahati,Kolkata,523.808,4841.77,primary,1.15,integrated_meta_nh_radiation
Guwahati,Bengaluru,2080.015,0.77,none,0.85,integrated_meta_nh_radiation
Guwahati,Chennai,1882.161,1.51,none,0.85,integrated_meta_nh_radiation
Guwahati,Hyderabad,1677.577,2.81,none,0.85,integrated_meta_nh_radiation
Guwahati,Ahmedabad,1966.774,0.71,none,0.85,integrated_meta_nh_radiation
Guwahati,Pune,2022.141,0.58,none,0.85,integrated_meta_nh_radiation
Guwahati,Lucknow,1076.285,29.84,primary,1.15,integrated_meta_nh_radiation
Guwahati,Kochi,2428.985,0.06,none,0.85,integrated_meta_nh_radiation
Guwahati,Jaipur,1587.965,1.69,none,0.85,integrated_meta_nh_radiation
Guwahati,Patna,662.962,193.02,primary,1.15,integrated_meta_nh_radiation
Guwahati,Visakhapatnam,1286.176,3.88,none,0.85,integrated_meta_nh_radiation
Guwahati,Bhopal,1481.201,1.54,none,0.85,integrated_meta_nh_radiation
